{"Cities":{"0":"Seattle","1":"Portland","2":"San Francisco","3":"Los Angeles"},"ChickFilA":{"0":3,"1":2,"2":6,"3":8},"McDonalds":{"0":23,"1":15,"2":35,"3":65},"Total_Restaraunts":{"0":260,"1":452,"2":324,"3":523},"PercentChickFilA":{"0":1.1538461538,"1":0.4424778761,"2":1.8518518519,"3":1.5296367113},"PercentMcDonalds":{"0":8.8461538462,"1":3.3185840708,"2":10.8024691358,"3":12.4282982792}}